volume,volume weighted,open,close,high,low,time
1479.0,402.1955,402.02,402.5,402.5,402.02,2022-09-09 08:00:00
1220.0,403.6231,403.71,403.6,403.71,403.6,2022-09-09 09:00:00
142.0,403.5345,403.53,403.53,403.53,403.53,2022-09-09 10:00:00
4604.0,403.8504,403.91,403.8,403.96,403.8,2022-09-09 11:00:00
43701.0,403.5593,403.67,403.26,403.8499,403.23,2022-09-09 12:00:00
16881.0,403.4371,403.44,403.42,403.48,403.39,2022-09-09 13:00:00
336409.0,404.2655,404.28,404.3899,404.39,404.11,2022-09-09 14:00:00
168937.0,406.0158,405.97,406.15,406.16,405.83,2022-09-09 15:00:00
244828.0,405.485,405.65,405.25,405.79,405.25,2022-09-09 16:00:00
107556.0,405.8453,405.98,405.69,406.0,405.67,2022-09-09 17:00:00
67403.0,406.4405,406.54,406.415,406.54,406.345,2022-09-09 18:00:00
129969.0,406.6837,406.74,406.74,406.81,406.575,2022-09-09 19:00:00
454716.0,406.4315,406.46,406.38,406.6,406.28,2022-09-09 20:00:00
1862.0,406.463,406.51,406.48,406.51,406.38,2022-09-09 21:00:00
4349.0,407.959,406.74,407.92,408.07,406.74,2022-09-12 08:00:00
684.0,408.614,408.64,408.6,408.64,408.6,2022-09-12 10:00:00
3316.0,408.3732,408.37,408.32,408.43,408.32,2022-09-12 11:00:00
37813.0,408.5867,408.4097,408.92,409.3296,408.16,2022-09-12 12:00:00
4142.0,408.269,408.44,408.23,408.45,408.23,2022-09-12 13:00:00
319181.0,410.9846,411.02,411.0617,411.11,410.82,2022-09-12 14:00:00
161048.0,410.4654,410.52,410.5799,410.6399,410.34,2022-09-12 15:00:00
148522.0,409.303,409.22,409.31,409.43,409.17,2022-09-12 16:00:00
81574.0,410.2669,410.26,410.19,410.34,410.165,2022-09-12 17:00:00
100590.0,410.857,410.91,410.84,410.97,410.8,2022-09-12 18:00:00
119678.0,410.2126,410.28,410.18,410.35,410.14,2022-09-12 19:00:00
475921.0,411.0788,410.94,411.14,411.26,410.89,2022-09-12 20:00:00
2220.0,411.6035,411.63,411.6,411.63,411.54,2022-09-12 21:00:00
13770.0,411.7871,411.67,411.67,411.94,411.67,2022-09-12 22:00:00
2982.0,411.316,411.38,411.3,411.38,411.29,2022-09-12 23:00:00
1786.0,412.7116,412.42,412.77,412.86,412.42,2022-09-13 08:00:00
4724.0,413.5202,413.5,413.57,413.57,413.5,2022-09-13 11:00:00
55167.0,413.7281,413.6982,413.8,413.99,413.49,2022-09-13 12:00:00
116177.0,401.8387,401.98,401.73,402.05,401.67,2022-09-13 13:00:00
350160.0,400.78,400.91,400.47,401.06,400.45,2022-09-13 14:00:00
133951.0,398.3809,398.43,398.335,398.48,398.31,2022-09-13 15:00:00
89025.0,397.8144,397.88,397.6194,397.95,397.6,2022-09-13 16:00:00
143439.0,398.2245,398.39,398.055,398.395,398.01,2022-09-13 17:00:00
89538.0,398.3963,398.42,398.255,398.56,398.2501,2022-09-13 18:00:00
232802.0,395.9643,395.87,395.88,396.09,395.85,2022-09-13 19:00:00
584259.0,393.4267,393.18,393.56,393.68,393.1,2022-09-13 20:00:00
2403027.0,393.1006,393.6,393.53,393.69,393.51,2022-09-13 21:00:00
1677.0,393.7748,393.75,393.8,393.8,393.74,2022-09-13 22:00:00
2627.0,393.9235,394.02,393.92,394.02,393.9,2022-09-13 23:00:00
868.0,394.623,394.71,394.59,394.71,394.59,2022-09-14 08:00:00
4609.0,395.5326,395.66,395.54,395.66,395.5,2022-09-14 09:00:00
544.0,394.9808,395.0,394.97,395.0,394.97,2022-09-14 10:00:00
3984.0,394.836,394.77,394.85,394.85,394.77,2022-09-14 11:00:00
116855.0,393.3409,394.79,392.69,395.92,392.38,2022-09-14 12:00:00
4592.0,394.1439,394.13,394.05,394.21,394.01,2022-09-14 13:00:00
143013.0,394.982,395.11,394.83,395.16,394.81,2022-09-14 14:00:00
156919.0,395.3499,395.47,395.28,395.56,395.11,2022-09-14 15:00:00
86725.0,394.6397,394.67,394.71,394.7754,394.53,2022-09-14 16:00:00
76464.0,395.3629,395.27,395.4,395.45,395.24,2022-09-14 17:00:00
399760.0,393.2014,393.13,393.24,393.29,393.05,2022-09-14 18:00:00
143161.0,392.8026,392.62,392.89,392.96,392.56,2022-09-14 19:00:00
476753.0,394.5953,394.6,394.68,394.7,394.41,2022-09-14 20:00:00
9449.0,395.5361,395.5,395.55,395.55,395.5,2022-09-14 21:00:00
52117.0,395.4133,395.58,395.31,395.58,395.2,2022-09-14 22:00:00
11255.0,395.6344,395.62,395.65,395.67,395.56,2022-09-15 08:00:00
13806.0,395.0669,395.06,394.86,395.12,394.86,2022-09-15 09:00:00
6557.0,394.0355,394.06,394.1,394.1,394.0,2022-09-15 11:00:00
68559.0,394.2878,394.2,394.02,395.1096,393.5096,2022-09-15 12:00:00
22853.0,394.0743,394.1,394.17,394.17,394.04,2022-09-15 13:00:00
378808.0,395.6826,395.18,395.71,395.89,395.18,2022-09-15 14:00:00
188145.0,391.3664,391.36,391.31,391.57,391.18,2022-09-15 15:00:00
164861.0,390.9577,390.96,390.89,391.0999,390.81,2022-09-15 16:00:00
263751.0,392.57,392.14,392.785,392.885,392.14,2022-09-15 17:00:00
172859.0,392.6223,392.88,392.5506,392.9299,392.53,2022-09-15 18:00:00
187500.0,390.8642,391.05,390.62,391.16,390.56,2022-09-15 19:00:00
342591.0,390.3257,390.15,390.53,390.62,390.12,2022-09-15 20:00:00
3218.0,389.2049,389.3,389.16,389.3,389.16,2022-09-15 21:00:00
30940.0,388.3007,388.62,388.0,388.66,388.0,2022-09-15 22:00:00
2518.0,387.9527,387.98,387.95,387.98,387.95,2022-09-15 23:00:00
15282.0,385.462,385.5,385.35,386.5,385.27,2022-09-16 08:00:00
588.0,384.8821,384.82,384.95,384.95,384.81,2022-09-16 09:00:00
4570.0,385.9637,386.04,385.9,386.05,385.88,2022-09-16 11:00:00
60806.0,385.4161,385.8801,385.45,385.96,384.8404,2022-09-16 12:00:00
36412.0,383.2161,383.25,383.18,383.25,383.17,2022-09-16 13:00:00
553718.0,382.8385,382.54,382.9,383.17,382.52,2022-09-16 14:00:00
188790.0,383.8478,383.55,383.85,384.0789,383.51,2022-09-16 15:00:00
88853.0,384.055,384.27,383.98,384.36,383.8801,2022-09-16 16:00:00
131738.0,383.3806,383.49,383.325,383.63,383.26,2022-09-16 17:00:00
80894.0,382.7778,382.81,382.9,382.902,382.665,2022-09-16 18:00:00
118232.0,384.9971,384.86,385.105,385.15,384.79,2022-09-16 19:00:00
750182.0,386.5921,385.62,385.67,385.75,385.45,2022-09-16 20:00:00
1980.0,386.8227,386.87,386.77,386.87,386.76,2022-09-16 21:00:00
328.0,387.0999,387.1,387.1,387.1,387.1,2022-09-16 22:00:00
5643.0,383.217,382.87,382.92,384.79,382.49,2022-09-19 08:00:00
1862.0,382.2396,382.24,382.28,382.28,382.2,2022-09-19 10:00:00
29483.0,382.7511,382.61,382.8,382.8,382.6,2022-09-19 11:00:00
72443.0,382.5309,382.45,382.09,383.5604,381.97,2022-09-19 12:00:00
2256.0,383.153,383.14,383.104,383.2,383.1,2022-09-19 13:00:00
255369.0,384.5166,384.8873,384.35,384.8873,384.2601,2022-09-19 14:00:00
98533.0,386.3366,386.22,386.29,386.46,386.19,2022-09-19 15:00:00
134016.0,384.8088,384.52,384.88,384.96,384.48,2022-09-19 16:00:00
99492.0,386.1464,386.13,386.14,386.27,386.03,2022-09-19 17:00:00
84762.0,385.4476,385.44,385.24,385.58,385.24,2022-09-19 18:00:00
235450.0,386.1021,385.87,386.26,386.32,385.85,2022-09-19 19:00:00
478680.0,388.5682,388.55,388.83,388.85,388.39,2022-09-19 20:00:00
1869.0,388.9786,388.98,388.97,389.0,388.97,2022-09-19 21:00:00
37703.0,389.0131,389.02,388.98,389.06,388.98,2022-09-19 22:00:00
4401.0,388.3109,388.33,388.1,388.98,388.1,2022-09-20 08:00:00
378.0,386.789,386.79,386.79,386.79,386.79,2022-09-20 10:00:00
4309.0,387.0356,387.03,387.04,387.07,386.95,2022-09-20 11:00:00
54706.0,386.9763,386.9835,386.75,387.4,386.5996,2022-09-20 12:00:00
3362.0,385.9321,385.885,385.97,385.97,385.88,2022-09-20 13:00:00
135975.0,383.7729,383.87,383.86,383.94,383.63,2022-09-20 14:00:00
162347.0,384.7199,384.66,384.74,384.86,384.53,2022-09-20 15:00:00
116070.0,385.8129,385.7,385.78,385.93,385.7,2022-09-20 16:00:00
71576.0,384.0799,384.21,384.11,384.21,384.02,2022-09-20 17:00:00
192424.0,381.56,381.405,381.63,381.68,381.35,2022-09-20 18:00:00
152543.0,383.4219,383.325,383.45,383.57,383.18,2022-09-20 19:00:00
515542.0,386.3129,384.2,384.39,384.48,384.09,2022-09-20 20:00:00
3427.0,384.7303,384.71,384.72,384.74,384.71,2022-09-20 21:00:00
17430.0,384.5857,384.59,384.45,384.63,384.41,2022-09-20 22:00:00
573.0,384.4132,384.42,384.39,384.43,384.39,2022-09-20 23:00:00
873.0,383.9351,383.96,383.96,383.96,383.96,2022-09-21 08:00:00
342.0,384.3922,384.41,384.37,384.41,384.37,2022-09-21 09:00:00
171.0,385.2245,385.24,385.24,385.24,385.24,2022-09-21 10:00:00
4204.0,384.9885,384.96,385.04,385.04,384.94,2022-09-21 11:00:00
35388.0,385.2311,384.85,385.44,385.67,383.91,2022-09-21 12:00:00
5127.0,386.1856,386.09,386.24,386.25,386.09,2022-09-21 13:00:00
174870.0,386.3738,386.23,386.55,386.5899,386.08,2022-09-21 14:00:00
108088.0,385.9306,385.985,385.92,386.05,385.83,2022-09-21 15:00:00
57246.0,385.9241,386.03,385.8601,386.06,385.82,2022-09-21 16:00:00
67460.0,385.918,385.91,385.945,386.005,385.825,2022-09-21 17:00:00
1941259.0,384.432,387.1,383.13,387.23,383.03,2022-09-21 18:00:00
599456.0,387.5807,387.51,386.84,388.06,386.73,2022-09-21 19:00:00
397174.0,377.2219,377.4,377.11,377.47,376.92,2022-09-21 20:00:00
4100.0,376.6593,376.65,376.61,376.77,376.61,2022-09-21 21:00:00
40167.0,376.6702,376.51,376.8,376.88,376.33,2022-09-21 22:00:00
2513.0,375.3792,375.43,375.33,375.43,375.31,2022-09-21 23:00:00
3339.0,378.0089,378.23,378.3,378.31,377.02,2022-09-22 08:00:00
309.0,379.2426,379.23,379.23,379.23,379.23,2022-09-22 09:00:00
867.0,377.6957,377.75,377.57,377.75,377.57,2022-09-22 10:00:00
17581.0,378.2706,378.31,378.0,378.57,378.0,2022-09-22 11:00:00
92771.0,377.4538,378.48,377.7701,379.15,376.17,2022-09-22 12:00:00
19274.0,378.2506,378.34,378.1701,378.4,378.17,2022-09-22 13:00:00
295788.0,374.852,374.95,374.77,375.11,374.61,2022-09-22 14:00:00
169861.0,374.1096,374.09,374.03,374.3,373.975,2022-09-22 15:00:00
158882.0,374.5933,374.43,374.66,374.68,374.4,2022-09-22 16:00:00
72615.0,375.2464,375.1666,375.3401,375.35,375.12,2022-09-22 17:00:00
64329.0,375.5327,375.38,375.566,375.63,375.38,2022-09-22 18:00:00
166093.0,375.626,375.43,375.6899,375.7899,375.425,2022-09-22 19:00:00
1016615.0,375.0265,374.23,374.0,374.3,373.91,2022-09-22 20:00:00
2559.0,374.4543,374.48,374.5,374.5,374.38,2022-09-22 21:00:00
16691.0,374.7243,374.74,374.64,374.75,374.64,2022-09-22 22:00:00
2821.0,374.4752,374.55,374.47,374.55,374.47,2022-09-22 23:00:00
500.0,375.0,375.0,375.0,375.0,375.0,2022-09-23 00:00:00
8452.0,372.8252,372.84,372.83,373.48,372.7,2022-09-23 08:00:00
6876.0,371.2965,371.31,371.15,371.32,371.15,2022-09-23 10:00:00
18152.0,369.225,369.07,369.4,369.47,369.0,2022-09-23 11:00:00
154790.0,369.3231,369.17,369.62,373.1104,368.89,2022-09-23 12:00:00
2989.0,369.1171,369.12,369.11,369.12,369.1,2022-09-23 13:00:00
376342.0,367.8221,367.8,367.7699,367.99,367.67,2022-09-23 14:00:00
299267.0,367.3624,367.46,367.24,367.5451,367.18,2022-09-23 15:00:00
62770.0,366.8004,366.82,366.8027,366.87,366.7108,2022-09-23 16:00:00
147002.0,366.4805,366.6414,366.45,366.65,366.35,2022-09-23 17:00:00
150926.0,366.0561,366.16,366.07,366.16,365.9409,2022-09-23 18:00:00
278946.0,363.635,363.48,363.8581,363.88,363.41,2022-09-23 19:00:00
841135.0,368.1102,367.91,368.16,368.28,367.9,2022-09-23 20:00:00
715139.0,367.9512,368.3,368.26,368.35,367.95,2022-09-23 21:00:00
254.0,368.3384,368.35,368.35,368.35,368.35,2022-09-23 22:00:00
11794.0,366.5755,367.17,367.17,367.17,365.9,2022-09-26 08:00:00
2331.0,367.5748,367.54,367.74,367.74,367.54,2022-09-26 09:00:00
1238.0,365.061,365.08,365.07,365.08,365.07,2022-09-26 10:00:00
10861.0,365.448,365.32,365.5,365.5,365.32,2022-09-26 11:00:00
89622.0,365.6001,365.8,365.89,368.1304,364.7396,2022-09-26 12:00:00
17272.0,366.9447,367.17,366.95,367.17,366.82,2022-09-26 13:00:00
295563.0,368.7908,368.48,368.77,369.0,368.4563,2022-09-26 14:00:00
116844.0,368.6189,368.5,368.52,368.79,368.41,2022-09-26 15:00:00
168783.0,366.641,366.86,366.66,366.89,366.49,2022-09-26 16:00:00
261695.0,365.4134,365.57,365.44,365.58,365.32,2022-09-26 17:00:00
144216.0,363.4094,363.29,363.48,363.61,363.1619,2022-09-26 18:00:00
278727.0,366.0019,365.52,366.0699,366.22,365.515,2022-09-26 19:00:00
757099.0,365.3745,364.31,364.14,364.71,363.71,2022-09-26 20:00:00
2370.0,363.9856,363.9,364.0,364.02,363.9,2022-09-26 21:00:00
44509.0,364.0365,363.94,364.1,364.15,363.94,2022-09-26 22:00:00
3680.0,364.4583,364.43,364.48,364.49,364.43,2022-09-26 23:00:00
11015.0,369.2101,369.22,369.29,369.35,367.85,2022-09-27 08:00:00
349.0,368.1602,368.17,368.17,368.17,368.17,2022-09-27 09:00:00
2132.0,366.9511,366.86,366.99,366.99,366.86,2022-09-27 10:00:00
16556.0,368.4279,368.42,368.37,368.56,368.37,2022-09-27 11:00:00
255368.0,368.8861,368.4801,369.02,369.53,366.8804,2022-09-27 12:00:00
36253.0,368.2977,368.32,368.3,368.37,368.24,2022-09-27 13:00:00
698602.0,367.8596,368.45,367.32,368.6,367.02,2022-09-27 14:00:00
138058.0,368.379,368.3,368.29,368.54,368.2427,2022-09-27 15:00:00
335554.0,363.9383,364.07,363.99,364.085,363.8,2022-09-27 16:00:00
239214.0,362.4869,362.72,362.34,362.725,362.34,2022-09-27 17:00:00
343045.0,361.9119,361.76,362.0,362.17,361.54,2022-09-27 18:00:00
545247.0,363.872,364.03,363.49,364.05,363.4,2022-09-27 19:00:00
385674.0,363.103,363.39,362.9,363.42,362.8504,2022-09-27 20:00:00
528.0,363.8372,363.84,363.84,363.84,363.84,2022-09-27 21:00:00
21201.0,364.123,363.97,364.24,364.31,363.91,2022-09-27 22:00:00
436.0,364.0838,364.08,364.09,364.09,364.08,2022-09-27 23:00:00
4006.0,361.7839,361.77,361.69,361.87,361.69,2022-09-28 08:00:00
313.0,360.9381,360.94,360.94,360.94,360.94,2022-09-28 09:00:00
1045.0,359.0134,359.07,358.9,359.07,358.9,2022-09-28 10:00:00
11337.0,362.2486,362.23,362.4,362.5,362.02,2022-09-28 11:00:00
118270.0,361.4594,361.25,361.76,363.3404,359.0004,2022-09-28 12:00:00
39192.0,364.3117,364.4,364.25,364.4,364.25,2022-09-28 13:00:00
612836.0,365.2661,364.305,365.71,365.86,364.305,2022-09-28 14:00:00
192332.0,366.3245,366.54,366.39,366.545,366.16,2022-09-28 15:00:00
132335.0,368.3772,368.35,368.44,368.45,368.3,2022-09-28 16:00:00
112973.0,368.798,368.9,368.685,368.99,368.61,2022-09-28 17:00:00
69905.0,368.7528,368.71,368.74,368.84,368.68,2022-09-28 18:00:00
103088.0,369.4959,369.47,369.605,369.6299,369.36,2022-09-28 19:00:00
623226.0,370.6423,370.54,370.58,370.86,370.44,2022-09-28 20:00:00
7795.0,370.1776,370.11,370.25,370.25,370.11,2022-09-28 21:00:00
25669.0,370.3476,370.25,370.5,370.5,370.25,2022-09-28 22:00:00
4577.0,369.8995,369.89,369.9,369.9,369.89,2022-09-28 23:00:00
7606.0,365.8802,366.02,365.47,367.48,364.0,2022-09-29 08:00:00
16565.0,366.3673,366.3,366.12,366.55,366.12,2022-09-29 09:00:00
11030.0,367.5696,367.57,367.55,367.6,367.47,2022-09-29 10:00:00
12937.0,367.2823,367.07,367.36,367.36,367.02,2022-09-29 11:00:00
91755.0,367.6855,367.17,367.22,368.51,366.2504,2022-09-29 12:00:00
23082.0,365.6313,365.77,365.61,365.96,365.5,2022-09-29 13:00:00
465072.0,363.0542,363.19,362.65,363.33,362.64,2022-09-29 14:00:00
228540.0,362.6337,362.56,362.75,362.96,362.4049,2022-09-29 15:00:00
125626.0,363.9277,364.0,363.95,364.09,363.83,2022-09-29 16:00:00
101150.0,362.1552,362.275,362.1,362.28,362.07,2022-09-29 17:00:00
421707.0,360.2606,360.51,360.2,360.52,360.08,2022-09-29 18:00:00
199094.0,360.1202,359.92,360.175,360.36,359.883,2022-09-29 19:00:00
1421882.0,367.064,362.83,363.28,363.39,362.78,2022-09-29 20:00:00
4950.0,363.2428,363.24,363.2,363.28,363.17,2022-09-29 21:00:00
34742.0,362.9731,362.99,362.9,363.1,362.85,2022-09-29 22:00:00
1822.0,363.8667,363.83,363.9,363.91,363.83,2022-09-29 23:00:00
9769.0,366.0802,366.02,366.08,366.13,366.02,2022-09-30 08:00:00
8645.0,366.4995,366.5,366.45,366.5,366.45,2022-09-30 09:00:00
277.0,365.2151,365.2,365.2,365.2,365.2,2022-09-30 10:00:00
6504.0,364.6815,364.6,364.69,364.76,364.6,2022-09-30 11:00:00
60932.0,364.0383,363.68,363.78,366.5604,363.0002,2022-09-30 12:00:00
91125.0,363.7713,363.52,363.3,364.5,363.22,2022-09-30 13:00:00
407401.0,362.9931,363.08,362.85,363.33,362.62,2022-09-30 14:00:00
207834.0,364.3339,364.2,364.33,364.52,364.15,2022-09-30 15:00:00
372751.0,362.7504,362.96,362.6,362.98,362.58,2022-09-30 16:00:00
407486.0,362.6706,362.63,362.5324,362.708,362.48,2022-09-30 17:00:00
235636.0,360.8253,360.98,360.82,360.9999,360.64,2022-09-30 18:00:00
281326.0,359.531,359.33,359.77,359.81,359.15,2022-09-30 19:00:00
2082078.0,360.6851,357.12,357.87,357.97,357.02,2022-09-30 20:00:00
1483.0,357.9816,357.95,358.02,358.03,357.95,2022-09-30 21:00:00
789.0,358.0553,358.08,358.08,358.08,358.08,2022-09-30 22:00:00
897.0,357.8529,357.86,357.85,357.86,357.85,2022-09-30 23:00:00
7231.0,357.4217,358.0,357.32,358.0,357.31,2022-10-03 08:00:00
3355.0,357.3358,357.44,357.25,357.44,357.25,2022-10-03 09:00:00
387.0,358.013,358.09,358.09,358.09,358.09,2022-10-03 10:00:00
17662.0,359.083,359.12,359.2,359.2,358.94,2022-10-03 11:00:00
98972.0,359.3073,359.0001,359.82,360.03,356.76,2022-10-03 12:00:00
14150.0,361.1088,361.11,361.2,361.2,361.07,2022-10-03 13:00:00
773174.0,361.6241,360.6,361.96,362.18,360.58,2022-10-03 14:00:00
185370.0,364.3988,364.3111,364.32,364.54,364.25,2022-10-03 15:00:00
146808.0,363.9408,363.78,363.99,364.12,363.73,2022-10-03 16:00:00
131758.0,364.4397,364.29,364.385,364.56,364.24,2022-10-03 17:00:00
124858.0,365.7346,365.67,365.8601,365.88,365.665,2022-10-03 18:00:00
224877.0,368.1161,368.115,368.125,368.19,368.01,2022-10-03 19:00:00
673564.0,366.7283,366.6,366.77,366.88,366.52,2022-10-03 20:00:00
8413.0,366.8446,366.98,366.93,366.99,366.75,2022-10-03 21:00:00
13508.0,367.3099,367.04,367.33,367.46,367.04,2022-10-03 22:00:00
5277.0,366.5151,366.48,366.48,366.55,366.48,2022-10-03 23:00:00
21686.0,371.7376,372.0,371.92,372.0,369.18,2022-10-04 08:00:00
612.0,372.3317,372.4,372.35,372.4,372.35,2022-10-04 10:00:00
8407.0,372.6986,372.8,372.62,372.8,372.62,2022-10-04 11:00:00
105505.0,372.5003,372.6999,372.47,373.4204,371.3604,2022-10-04 12:00:00
16712.0,372.3595,372.46,372.35,372.46,372.2,2022-10-04 13:00:00
812687.0,376.4655,376.01,376.58,376.83,376.01,2022-10-04 14:00:00
277298.0,377.2521,377.22,377.1586,377.46,377.05,2022-10-04 15:00:00
186370.0,377.0413,377.03,377.02,377.11,376.98,2022-10-04 16:00:00
106141.0,376.2172,376.16,376.28,376.295,376.13,2022-10-04 17:00:00
124858.0,376.3585,376.295,376.4,376.465,376.27,2022-10-04 18:00:00
228419.0,377.0039,377.0978,377.135,377.15,376.86,2022-10-04 19:00:00
1141319.0,372.8463,377.89,377.74,377.98,377.63,2022-10-04 20:00:00
872.0,377.794,377.84,377.77,377.84,377.66,2022-10-04 21:00:00
19966.0,377.4407,377.66,377.36,377.71,377.36,2022-10-04 22:00:00
2195.0,377.0067,377.1,377.03,377.1,376.97,2022-10-04 23:00:00
33204.0,375.7463,375.32,375.21,376.3,375.21,2022-10-05 08:00:00
325.0,374.992,374.98,374.98,374.98,374.98,2022-10-05 09:00:00
1130.0,374.1599,374.11,374.15,374.2,374.11,2022-10-05 10:00:00
4193.0,375.2956,375.3,375.2,375.39,375.2,2022-10-05 11:00:00
84683.0,374.7534,375.24,374.55,375.34,374.14,2022-10-05 12:00:00
4905.0,373.9519,373.99,373.96,373.99,373.91,2022-10-05 13:00:00
960686.0,373.4669,374.28,373.03,374.34,372.89,2022-10-05 14:00:00
243187.0,371.4123,371.34,371.6,371.64,371.21,2022-10-05 15:00:00
60563.0,372.9177,373.05,372.85,373.11,372.75,2022-10-05 16:00:00
153410.0,375.2186,375.27,375.1893,375.2992,375.15,2022-10-05 17:00:00
154866.0,375.8165,375.83,375.7899,375.99,375.73,2022-10-05 18:00:00
353317.0,378.0209,377.69,378.01,378.23,377.69,2022-10-05 19:00:00
725271.0,377.5148,377.1,377.54,377.67,377.07,2022-10-05 20:00:00
3311.0,377.002,376.94,377.04,377.04,376.88,2022-10-05 21:00:00
6004.0,376.9046,376.92,376.86,376.95,376.86,2022-10-05 22:00:00
718.0,377.4933,377.5,377.5,377.5,377.5,2022-10-05 23:00:00
3126.0,376.9312,377.06,376.82,377.48,376.79,2022-10-06 08:00:00
2920.0,375.5698,375.54,375.51,375.68,375.51,2022-10-06 09:00:00
10693.0,374.5013,374.55,374.51,374.55,374.48,2022-10-06 10:00:00
14050.0,374.5458,374.45,374.6,374.6,374.45,2022-10-06 11:00:00
86807.0,375.0976,375.13,375.11,377.0,374.0596,2022-10-06 12:00:00
22642.0,376.2275,376.35,376.08,376.35,376.08,2022-10-06 13:00:00
376714.0,375.7698,376.24,375.605,376.26,375.57,2022-10-06 14:00:00
434862.0,376.254,376.43,376.13,376.56,376.04,2022-10-06 15:00:00
162769.0,374.5907,374.68,374.45,374.75,374.45,2022-10-06 16:00:00
106910.0,375.5778,375.47,375.57,375.75,375.47,2022-10-06 17:00:00
257152.0,375.2888,375.41,375.37,375.45,375.17,2022-10-06 18:00:00
166564.0,373.4212,373.4445,373.41,373.5899,373.22,2022-10-06 19:00:00
492910.0,373.1652,373.2,373.21,373.26,372.97,2022-10-06 20:00:00
479.0,372.6821,372.67,372.62,372.67,372.62,2022-10-06 21:00:00
21138.0,372.1803,372.57,372.02,372.57,371.81,2022-10-06 22:00:00
3394.0,372.1555,372.15,372.27,372.27,372.15,2022-10-06 23:00:00
4671.0,372.2324,372.2,372.2,372.28,372.18,2022-10-07 08:00:00
4860.0,373.0979,373.08,373.13,373.13,373.06,2022-10-07 11:00:00
26336.0,373.2673,373.11,373.2,373.5213,372.88,2022-10-07 12:00:00
68851.0,369.109,369.1,369.23,369.23,368.98,2022-10-07 13:00:00
457959.0,365.6692,365.54,365.5998,365.8988,365.3607,2022-10-07 14:00:00
99517.0,366.616,366.4507,366.59,366.79,366.39,2022-10-07 15:00:00
110152.0,365.1927,365.29,365.1179,365.35,365.04,2022-10-07 16:00:00
190049.0,363.6762,363.8101,363.68,363.8101,363.6,2022-10-07 17:00:00
156418.0,363.3197,363.43,363.43,363.4405,363.23,2022-10-07 18:00:00
141955.0,362.9662,362.77,363.0813,363.1,362.7524,2022-10-07 19:00:00
1302504.0,368.8864,362.81,362.78,362.98,362.65,2022-10-07 20:00:00
2106.0,362.7708,362.79,362.73,362.79,362.73,2022-10-07 21:00:00
1876.0,362.3417,362.35,362.33,362.35,362.33,2022-10-07 22:00:00
1030.0,362.25,362.25,362.25,362.25,362.25,2022-10-07 23:00:00
3303.0,361.5214,361.44,361.57,361.6,361.44,2022-10-10 08:00:00
660.0,360.8031,360.76,360.85,360.86,360.76,2022-10-10 09:00:00
420.0,362.5486,362.56,362.51,362.56,362.51,2022-10-10 10:00:00
13777.0,361.8597,361.68,362.02,362.02,361.68,2022-10-10 11:00:00
36194.0,362.2584,362.13,362.24,362.71,361.79,2022-10-10 12:00:00
35461.0,364.2008,364.2,364.26,364.3077,364.13,2022-10-10 13:00:00
198790.0,361.49,361.64,361.49,361.71,361.21,2022-10-10 14:00:00
111401.0,360.0351,360.2,359.84,360.21,359.81,2022-10-10 15:00:00
129990.0,360.7295,360.8,360.74,360.84,360.651,2022-10-10 16:00:00
208813.0,358.3029,358.35,358.24,358.4,358.23,2022-10-10 17:00:00
182269.0,361.5139,361.48,361.44,361.64,361.38,2022-10-10 18:00:00
115967.0,360.8627,360.555,360.9295,361.06,360.51,2022-10-10 19:00:00
385349.0,360.1898,360.08,360.23,360.35,360.02,2022-10-10 20:00:00
2336.0,360.5047,360.37,360.5,360.54,360.37,2022-10-10 21:00:00
18967.0,360.362,360.25,360.5,360.5,360.25,2022-10-10 22:00:00
1100.0,360.7121,360.7,360.68,360.73,360.68,2022-10-10 23:00:00
6464.0,357.5949,357.49,357.73,357.98,357.15,2022-10-11 08:00:00
1745.0,356.9378,356.97,356.89,357.0,356.88,2022-10-11 09:00:00
589.0,356.818,356.93,356.78,356.93,356.78,2022-10-11 10:00:00
16422.0,358.0055,357.79,358.05,358.1,357.75,2022-10-11 11:00:00
379540.0,358.682,358.85,358.719,358.85,356.83,2022-10-11 12:00:00
125260.0,359.0005,359.19,359.0,359.22,358.83,2022-10-11 13:00:00
334037.0,356.4037,356.59,356.4,356.6,356.25,2022-10-11 14:00:00
154100.0,357.586,357.53,357.58,357.7,357.45,2022-10-11 15:00:00
131872.0,360.5993,360.76,360.53,360.8,360.49,2022-10-11 16:00:00
44969.0,362.1525,362.16,362.12,362.22,362.0806,2022-10-11 17:00:00
160784.0,361.8969,361.88,361.59,362.04,361.59,2022-10-11 18:00:00
606161.0,357.1785,357.3,357.475,357.54,356.9,2022-10-11 19:00:00
401622.0,357.8117,357.7,357.73,358.02,357.62,2022-10-11 20:00:00
11821.0,358.5665,358.51,358.5,358.69,358.49,2022-10-11 21:00:00
23188.0,358.4186,358.41,358.42,358.47,358.35,2022-10-11 22:00:00
1504.0,358.1999,358.19,358.2,358.21,358.19,2022-10-11 23:00:00
7377.0,359.0949,359.22,358.86,359.22,358.82,2022-10-12 08:00:00
1017.0,359.5333,359.6,359.51,359.62,359.51,2022-10-12 09:00:00
489.0,360.5522,360.54,360.6,360.6,360.54,2022-10-12 10:00:00
1909.0,359.9717,360.0,359.99,360.06,359.98,2022-10-12 11:00:00
83569.0,360.1842,360.05,360.04,361.0204,359.6896,2022-10-12 12:00:00
15035.0,358.4951,358.58,358.31,358.61,358.31,2022-10-12 13:00:00
383752.0,358.959,358.82,358.79,359.31,358.57,2022-10-12 14:00:00
88601.0,357.9728,357.88,358.21,358.21,357.76,2022-10-12 15:00:00
131547.0,359.2927,359.22,359.07,359.46,359.07,2022-10-12 16:00:00
152678.0,358.6453,358.58,358.72,358.82,358.54,2022-10-12 17:00:00
586119.0,357.7832,357.61,357.24,358.37,357.17,2022-10-12 18:00:00
151047.0,357.6114,357.69,357.54,357.755,357.5,2022-10-12 19:00:00
668974.0,356.6619,356.54,356.79,356.98,356.53,2022-10-12 20:00:00
405.0,357.0717,357.1,357.05,357.1,357.05,2022-10-12 21:00:00
9083.0,357.454,357.3,357.48,357.51,357.3,2022-10-12 22:00:00
266.0,357.2354,357.22,357.22,357.22,357.22,2022-10-12 23:00:00
461.0,357.5896,357.6,357.58,357.6,357.58,2022-10-13 00:00:00
8236.0,357.3027,357.35,357.32,357.37,357.23,2022-10-13 08:00:00
1422.0,358.3021,358.26,358.32,358.32,358.26,2022-10-13 10:00:00
10167.0,358.547,358.6,358.5,358.6,358.5,2022-10-13 11:00:00
100141.0,359.8337,358.59,360.25,360.8904,357.6196,2022-10-13 12:00:00
157793.0,349.7155,349.9,349.56,349.93,349.47,2022-10-13 13:00:00
440927.0,351.7426,351.96,351.9089,352.02,351.4,2022-10-13 14:00:00
192774.0,353.5871,353.59,353.47,353.75,353.39,2022-10-13 15:00:00
272807.0,363.0082,362.87,363.13,363.23,362.79,2022-10-13 16:00:00
118458.0,363.0632,362.96,363.08,363.1578,362.9528,2022-10-13 17:00:00
141432.0,365.1668,365.52,365.09,365.52,365.05,2022-10-13 18:00:00
395171.0,366.5774,366.7801,366.2301,366.82,366.23,2022-10-13 19:00:00
624003.0,362.197,365.95,366.06,366.1,365.82,2022-10-13 20:00:00
6373.0,361.0874,365.84,365.75,365.84,365.75,2022-10-13 21:00:00
7908.0,365.9393,365.83,366.01,366.1,365.81,2022-10-13 22:00:00
887.0,365.9864,365.97,366.0,366.0,365.97,2022-10-13 23:00:00
160.0,365.7166,365.72,365.72,365.72,365.72,2022-10-14 00:00:00
2424.0,366.8105,366.81,366.84,366.93,366.81,2022-10-14 08:00:00
1799.0,365.2555,365.25,365.25,365.28,365.25,2022-10-14 10:00:00
7923.0,367.4027,367.6,367.31,367.6,367.29,2022-10-14 11:00:00
523800.0,367.0629,368.125,365.25,368.125,365.05,2022-10-14 12:00:00
40994.0,370.1222,370.14,370.11,370.25,369.92,2022-10-14 13:00:00
1907560.0,364.3988,366.61,364.49,366.62,363.2,2022-10-14 14:00:00
374085.0,362.5203,362.07,363.05,363.1141,362.0195,2022-10-14 15:00:00
292061.0,359.8094,359.72,359.6314,360.19,359.51,2022-10-14 16:00:00
201053.0,359.5768,359.34,359.71,359.89,359.2,2022-10-14 17:00:00
120087.0,359.8552,360.135,359.655,360.15,359.64,2022-10-14 18:00:00
387503.0,358.7136,358.46,358.64,358.88,358.406,2022-10-14 19:00:00
642875.0,360.8958,357.68,357.68,357.86,357.5,2022-10-14 20:00:00
963.0,357.5662,357.48,357.59,357.61,357.46,2022-10-14 21:00:00
310.0,356.966,356.96,356.96,356.96,356.96,2022-10-14 23:00:00
7633.0,361.1404,360.02,361.28,361.46,360.02,2022-10-17 08:00:00
220.0,360.9918,361.01,361.01,361.01,361.01,2022-10-17 09:00:00
2695.0,361.6472,361.64,361.69,361.69,361.63,2022-10-17 10:00:00
32813.0,361.9632,362.19,361.79,362.2,361.79,2022-10-17 11:00:00
92540.0,361.8605,362.08,362.0104,362.4,361.2604,2022-10-17 12:00:00
54141.0,362.9538,362.69,363.0,363.12,362.69,2022-10-17 13:00:00
285617.0,366.1851,365.85,366.24,366.41,365.85,2022-10-17 14:00:00
180449.0,365.5515,365.45,365.62,365.67,365.43,2022-10-17 15:00:00
163290.0,367.0127,366.9,367.12,367.16,366.9,2022-10-17 16:00:00
85630.0,366.5423,366.515,366.64,366.7264,366.37,2022-10-17 17:00:00
117447.0,367.4316,367.4,367.4901,367.52,367.29,2022-10-17 18:00:00
263086.0,366.4843,366.81,366.6598,366.8299,366.55,2022-10-17 19:00:00
452138.0,366.7624,366.77,366.93,366.95,366.63,2022-10-17 20:00:00
6074.0,367.6762,367.69,367.65,367.69,367.65,2022-10-17 21:00:00
35778.0,368.5788,368.2,368.78,369.08,368.2,2022-10-17 22:00:00
1963.0,369.2233,369.22,369.22,369.24,369.22,2022-10-17 23:00:00
13143.0,373.06,373.05,373.07,373.19,372.54,2022-10-18 08:00:00
3374.0,370.7523,370.83,370.75,370.93,370.64,2022-10-18 09:00:00
2262.0,371.5279,371.44,371.57,371.57,371.44,2022-10-18 10:00:00
12794.0,371.6824,371.71,371.66,371.72,371.64,2022-10-18 11:00:00
163412.0,372.8348,371.72,373.51,373.8199,370.3204,2022-10-18 12:00:00
16684.0,375.0669,375.09,374.91,375.24,374.91,2022-10-18 13:00:00
200749.0,373.248,373.12,373.37,373.49,373.04,2022-10-18 14:00:00
285494.0,371.1794,371.49,371.1,371.515,371.0,2022-10-18 15:00:00
194379.0,369.2519,369.2,369.13,369.3,369.09,2022-10-18 16:00:00
204888.0,370.3208,370.44,369.88,370.65,369.88,2022-10-18 17:00:00
112931.0,372.0223,372.03,372.05,372.13,371.92,2022-10-18 18:00:00
160281.0,369.2999,369.4,369.18,369.51,369.08,2022-10-18 19:00:00
759160.0,369.5188,371.14,371.0,371.51,370.1,2022-10-18 20:00:00
617.0,371.3816,373.67,373.67,373.7,373.67,2022-10-18 21:00:00
10366.0,373.6972,373.76,373.69,373.76,373.56,2022-10-18 22:00:00
3070.0,373.783,373.75,373.79,373.8,373.75,2022-10-18 23:00:00
3769.0,371.9855,371.79,371.8,372.93,371.0,2022-10-19 08:00:00
814.0,370.7927,370.83,370.77,370.83,370.77,2022-10-19 09:00:00
802.0,373.0353,373.0,373.07,373.07,373.0,2022-10-19 10:00:00
7256.0,371.4077,371.24,371.5,371.5,371.24,2022-10-19 11:00:00
107591.0,370.0351,371.48,369.8,372.7996,369.03,2022-10-19 12:00:00
7012.0,368.8155,368.84,368.81,368.88,368.78,2022-10-19 13:00:00
163148.0,368.4543,368.58,368.4,368.61,368.31,2022-10-19 14:00:00
142133.0,369.6227,369.68,369.72,369.75,369.43,2022-10-19 15:00:00
182186.0,369.6048,369.73,369.33,369.82,369.25,2022-10-19 16:00:00
148878.0,367.287,367.23,367.46,367.48,367.09,2022-10-19 17:00:00
155814.0,366.9223,366.931,367.11,367.15,366.58,2022-10-19 18:00:00
89323.0,367.2072,367.19,367.11,367.3,367.08,2022-10-19 19:00:00
541409.0,369.619,368.56,368.62,368.62,368.32,2022-10-19 20:00:00
2639.0,368.7591,368.82,368.76,368.82,368.71,2022-10-19 21:00:00
15918.0,368.4709,368.58,368.34,368.66,368.21,2022-10-19 22:00:00
6963.0,366.4351,367.49,366.19,367.49,366.19,2022-10-20 08:00:00
907.0,366.716,366.71,366.7,366.71,366.7,2022-10-20 09:00:00
1734.0,367.5634,367.55,367.63,367.63,367.55,2022-10-20 10:00:00
21678.0,369.4138,369.54,369.43,369.6,369.29,2022-10-20 11:00:00
78142.0,369.5534,369.7598,369.4,370.32,367.3904,2022-10-20 12:00:00
16422.0,367.637,367.53,367.72,367.8,367.47,2022-10-20 13:00:00
199825.0,369.3702,369.11,369.68,369.74,368.975,2022-10-20 14:00:00
235235.0,372.0462,371.97,372.045,372.16,371.93,2022-10-20 15:00:00
206373.0,370.2431,370.2499,370.155,370.3786,370.08,2022-10-20 16:00:00
65818.0,367.8602,367.9219,367.79,367.93,367.78,2022-10-20 17:00:00
294250.0,366.1132,366.09,365.9601,366.23,365.96,2022-10-20 18:00:00
143430.0,365.767,365.6015,365.7942,365.99,365.6,2022-10-20 19:00:00
285596.0,365.4788,365.45,365.59,365.68,365.36,2022-10-20 20:00:00
22395.0,365.4127,365.64,365.32,365.68,365.32,2022-10-20 22:00:00
3299.0,364.2121,364.25,364.18,364.25,364.18,2022-10-20 23:00:00
1282.0,363.9325,364.0,363.87,364.0,363.87,2022-10-21 08:00:00
466.0,363.348,363.36,363.34,363.36,363.34,2022-10-21 09:00:00
1409.0,363.6201,363.63,363.61,363.65,363.61,2022-10-21 10:00:00
12236.0,363.939,363.91,363.85,364.05,363.85,2022-10-21 11:00:00
44627.0,363.9292,363.66,363.36,364.5,363.0904,2022-10-21 12:00:00
246452.0,363.8589,363.59,364.38,364.38,363.42,2022-10-21 13:00:00
394175.0,369.2453,369.11,369.23,369.5,368.86,2022-10-21 14:00:00
167993.0,366.6372,366.79,366.5191,366.9,366.45,2022-10-21 15:00:00
257113.0,370.3382,370.03,370.4,370.59,370.03,2022-10-21 16:00:00
138435.0,371.4433,371.32,371.46,371.609,371.24,2022-10-21 17:00:00
145708.0,372.6343,372.62,372.59,372.75,372.54,2022-10-21 18:00:00
169243.0,372.9171,372.9,372.875,372.9965,372.82,2022-10-21 19:00:00
299367.0,374.2854,374.24,374.54,374.54,374.1,2022-10-21 20:00:00
862.0,374.9985,375.0,374.96,375.01,374.96,2022-10-21 21:00:00
477.0,375.1281,375.19,375.11,375.19,375.11,2022-10-21 22:00:00
119.0,375.4784,375.48,375.48,375.48,375.48,2022-10-21 23:00:00
8958.0,373.7647,373.95,373.51,374.45,373.45,2022-10-24 08:00:00
524.0,372.8297,372.86,372.81,372.86,372.81,2022-10-24 09:00:00
19506.0,374.6388,374.51,374.83,374.83,374.51,2022-10-24 10:00:00
7903.0,375.8837,375.99,375.79,376.0,375.79,2022-10-24 11:00:00
126632.0,376.3349,375.94,377.03,378.08,371.6896,2022-10-24 12:00:00
10389.0,376.9822,377.15,376.8,377.15,376.8,2022-10-24 13:00:00
315219.0,376.8131,377.69,376.45,377.71,376.23,2022-10-24 14:00:00
417065.0,376.3622,376.62,376.38,376.7,375.9684,2022-10-24 15:00:00
213671.0,378.0231,378.09,378.2,378.25,377.82,2022-10-24 16:00:00
69829.0,377.6365,377.7,377.56,377.75,377.56,2022-10-24 17:00:00
248644.0,377.2882,377.17,377.41,377.43,377.05,2022-10-24 18:00:00
116795.0,379.3998,379.35,379.46,379.53,379.22,2022-10-24 19:00:00
882622.0,378.8307,378.82,378.75,378.87,378.65,2022-10-24 20:00:00
1577.0,378.3587,378.37,378.35,378.37,378.35,2022-10-24 21:00:00
34582.0,378.4131,378.47,378.47,378.48,378.35,2022-10-24 22:00:00
2432.0,379.1956,379.23,379.16,379.23,379.16,2022-10-24 23:00:00
5183.0,378.5296,378.0,378.98,378.98,378.0,2022-10-25 08:00:00
1613.0,378.0471,378.08,377.98,378.09,377.98,2022-10-25 09:00:00
4060.0,377.8561,377.83,377.84,377.9,377.8,2022-10-25 11:00:00
64035.0,377.6509,377.88,377.4,378.3896,377.37,2022-10-25 12:00:00
20555.0,377.8522,377.82,378.01,378.01,377.8,2022-10-25 13:00:00
529140.0,382.3176,382.4,382.14,382.76,382.03,2022-10-25 14:00:00
128259.0,382.2474,382.23,382.27,382.34,382.145,2022-10-25 15:00:00
89274.0,383.4591,383.5,383.44,383.54,383.4,2022-10-25 16:00:00
131713.0,383.305,383.085,383.4225,383.48,383.08,2022-10-25 17:00:00
307986.0,383.1113,382.97,383.2655,383.28,382.8865,2022-10-25 18:00:00
146868.0,383.7151,383.55,383.63,383.795,383.55,2022-10-25 19:00:00
372272.0,384.8003,384.84,384.61,385.05,384.49,2022-10-25 20:00:00
961.0,383.2574,383.27,383.27,383.29,383.27,2022-10-25 21:00:00
15996.0,381.783,381.9,381.84,381.95,381.5,2022-10-25 22:00:00
484.0,381.1697,381.17,381.18,381.18,381.15,2022-10-25 23:00:00
13007.0,382.1371,382.15,382.26,382.28,381.86,2022-10-26 08:00:00
807.0,381.7905,381.86,381.86,381.86,381.86,2022-10-26 10:00:00
5116.0,382.4891,382.53,382.55,382.55,382.44,2022-10-26 11:00:00
87717.0,382.43,382.48,382.16,383.27,381.8399,2022-10-26 12:00:00
5061.0,381.7332,381.63,381.72,381.75,381.63,2022-10-26 13:00:00
1419439.0,383.3375,381.72,383.48,383.77,381.72,2022-10-26 14:00:00
183494.0,385.377,385.03,385.58,385.67,385.03,2022-10-26 15:00:00
143624.0,386.8717,386.81,386.9083,386.94,386.7601,2022-10-26 16:00:00
248662.0,384.0243,384.33,384.07,384.33,383.78,2022-10-26 17:00:00
133981.0,383.7964,383.7778,383.925,383.94,383.67,2022-10-26 18:00:00
162815.0,382.1312,382.4,381.91,382.4,381.89,2022-10-26 19:00:00
430751.0,383.722,382.06,382.22,382.38,382.02,2022-10-26 20:00:00
4528.0,383.1057,383.17,383.07,383.17,383.07,2022-10-26 21:00:00
12547.0,382.3662,382.55,382.25,382.55,382.25,2022-10-26 22:00:00
6033.0,383.139,383.05,383.3,383.32,383.0,2022-10-26 23:00:00
2930.0,382.8113,382.8,382.75,382.86,382.75,2022-10-27 08:00:00
3515.0,382.9419,383.01,382.93,383.01,382.91,2022-10-27 09:00:00
1276.0,382.1251,382.11,382.13,382.13,382.11,2022-10-27 10:00:00
11729.0,381.9436,381.83,382.06,382.11,381.79,2022-10-27 11:00:00
51888.0,382.0783,381.83,381.5,383.4904,381.43,2022-10-27 12:00:00
33816.0,383.4993,383.54,383.29,383.68,383.2,2022-10-27 13:00:00
197087.0,381.0704,381.195,381.14,381.2301,380.9019,2022-10-27 14:00:00
276945.0,382.1102,382.18,382.06,382.23,382.02,2022-10-27 15:00:00
124083.0,381.3478,381.39,381.63,381.63,381.1,2022-10-27 16:00:00
106446.0,381.5587,381.56,381.575,381.66,381.42,2022-10-27 17:00:00
176624.0,380.8911,380.78,381.0411,381.06,380.75,2022-10-27 18:00:00
256271.0,380.3058,380.13,380.41,380.47,380.07,2022-10-27 19:00:00
528582.0,380.9873,379.95,380.16,380.32,379.79,2022-10-27 20:00:00
12121.0,377.0249,377.25,376.89,377.33,376.89,2022-10-27 21:00:00
11529.0,377.7445,377.8,377.6,377.87,377.6,2022-10-27 22:00:00
2508.0,377.8096,377.9,377.77,377.9,377.77,2022-10-27 23:00:00
13742.0,376.3302,376.33,376.45,376.52,376.22,2022-10-28 08:00:00
186.0,377.1676,377.19,377.19,377.19,377.19,2022-10-28 09:00:00
947.0,377.6099,377.65,377.57,377.65,377.57,2022-10-28 10:00:00
3874.0,377.8491,377.82,377.87,377.89,377.82,2022-10-28 11:00:00
119510.0,378.0338,377.82,377.9,378.58,376.0004,2022-10-28 12:00:00
17231.0,378.7238,378.67,378.64,378.81,378.58,2022-10-28 13:00:00
589695.0,382.9873,382.57,383.21,383.48,382.53,2022-10-28 14:00:00
308188.0,385.8356,385.72,385.87,386.02,385.67,2022-10-28 15:00:00
67342.0,385.7208,385.76,385.63,385.83,385.62,2022-10-28 16:00:00
68241.0,387.1439,387.16,387.1755,387.25,387.04,2022-10-28 17:00:00
196931.0,387.6389,387.52,387.7209,387.78,387.495,2022-10-28 18:00:00
113629.0,388.8498,388.86,388.755,388.91,388.75,2022-10-28 19:00:00
671276.0,389.1064,388.94,389.18,389.31,388.9,2022-10-28 20:00:00
1070.0,390.1199,390.12,390.11,390.12,390.11,2022-10-28 21:00:00
4072.0,389.6998,389.71,389.7,389.71,389.7,2022-10-28 22:00:00
635.0,389.9884,389.99,389.99,389.99,389.99,2022-10-28 23:00:00
28192.0,388.6412,388.8,388.36,389.45,388.35,2022-10-31 08:00:00
906.0,386.8192,386.83,386.74,386.83,386.74,2022-10-31 09:00:00
28021.0,387.5772,387.35,387.84,387.9,387.34,2022-10-31 11:00:00
96920.0,387.682,387.84,387.51,388.25,386.53,2022-10-31 12:00:00
6778.0,386.902,386.94,386.91,387.01,386.81,2022-10-31 13:00:00
251914.0,385.6642,385.48,386.02,386.08,385.32,2022-10-31 14:00:00
119908.0,386.2134,386.12,386.26,386.3,386.04,2022-10-31 15:00:00
192537.0,386.9049,387.09,386.645,387.16,386.63,2022-10-31 16:00:00
132914.0,386.2263,386.25,386.12,386.34,386.07,2022-10-31 17:00:00
153386.0,387.0231,387.07,387.01,387.14,386.96,2022-10-31 18:00:00
239077.0,386.6353,386.87,386.43,386.9,386.405,2022-10-31 19:00:00
794999.0,387.0548,386.22,386.14,386.42,385.94,2022-10-31 20:00:00
7721.0,386.1996,386.37,386.21,386.37,386.19,2022-10-31 21:00:00
14309.0,386.2997,386.26,386.21,386.39,386.2,2022-10-31 22:00:00
804.0,386.5599,386.56,386.56,386.56,386.56,2022-10-31 23:00:00
4404.0,388.4145,388.37,388.56,388.56,388.01,2022-11-01 08:00:00
2686.0,389.0634,389.2,389.09,389.2,389.04,2022-11-01 09:00:00
229.0,389.6019,389.63,389.63,389.63,389.63,2022-11-01 10:00:00
7316.0,389.779,389.86,389.7,389.9,389.7,2022-11-01 11:00:00
71714.0,389.8394,389.5625,390.299,390.32,388.8004,2022-11-01 12:00:00
2070.0,390.3925,390.36,390.4,390.43,390.36,2022-11-01 13:00:00
1348631.0,387.4522,388.12,387.17,388.4,386.69,2022-11-01 14:00:00
255093.0,384.1143,384.01,384.08,384.29,383.79,2022-11-01 15:00:00
141532.0,384.5646,384.5299,384.74,384.76,384.4,2022-11-01 16:00:00
68527.0,384.6859,384.73,384.73,384.75,384.61,2022-11-01 17:00:00
132955.0,385.1296,385.08,385.1,385.2399,385.05,2022-11-01 18:00:00
307715.0,385.269,385.39,385.39,385.43,385.09,2022-11-01 19:00:00
454213.0,384.6129,384.54,384.78,384.89,384.52,2022-11-01 20:00:00
539.0,384.1936,384.2,384.24,384.24,384.14,2022-11-01 21:00:00
24317.0,384.4426,384.22,384.47,384.52,384.22,2022-11-01 22:00:00
433.0,384.6434,384.62,384.62,384.62,384.62,2022-11-01 23:00:00
1124.0,385.0599,385.05,385.12,385.12,385.05,2022-11-02 08:00:00
532.0,385.7885,385.72,385.9,385.9,385.72,2022-11-02 09:00:00
4416.0,384.6227,384.54,384.65,384.69,384.53,2022-11-02 11:00:00
36015.0,384.8794,385.08,385.08,385.9696,384.35,2022-11-02 12:00:00
3279.0,384.0862,384.17,384.04,384.17,384.04,2022-11-02 13:00:00
229575.0,382.6173,382.44,382.72,382.83,382.37,2022-11-02 14:00:00
86241.0,382.8977,382.76,382.95,383.005,382.74,2022-11-02 15:00:00
66978.0,382.6204,382.7,382.5985,382.7,382.56,2022-11-02 16:00:00
107939.0,382.4521,382.48,382.4197,382.51,382.41,2022-11-02 17:00:00
2159817.0,384.2814,383.3281,385.84,385.9,382.09,2022-11-02 18:00:00
516435.0,380.6027,380.515,381.19,381.29,380.0,2022-11-02 19:00:00
629364.0,378.9099,374.87,374.6,374.93,374.4,2022-11-02 20:00:00
3995.0,375.0054,374.93,375.02,375.02,374.93,2022-11-02 21:00:00
21339.0,374.8854,374.84,374.94,374.94,374.8,2022-11-02 22:00:00
3673.0,374.1875,374.22,374.18,374.22,374.17,2022-11-02 23:00:00
36333.0,375.1383,375.05,375.02,375.28,374.95,2022-11-03 08:00:00
321.0,374.599,374.6,374.6,374.6,374.6,2022-11-03 09:00:00
945.0,374.5849,374.62,374.6,374.62,374.6,2022-11-03 10:00:00
4976.0,372.9112,372.94,372.79,372.98,372.79,2022-11-03 11:00:00
75911.0,372.5252,372.76,372.53,374.5004,371.84,2022-11-03 12:00:00
37612.0,371.1332,371.2,371.12,371.24,371.06,2022-11-03 13:00:00
934094.0,369.6471,369.22,369.16,370.46,368.92,2022-11-03 14:00:00
230310.0,373.3319,373.49,373.1,373.53,373.09,2022-11-03 15:00:00
121373.0,371.8277,371.73,371.65,371.97,371.62,2022-11-03 16:00:00
209579.0,373.8633,373.87,374.0011,374.0483,373.78,2022-11-03 17:00:00
109947.0,372.3769,372.27,372.27,372.53,372.23,2022-11-03 18:00:00
115299.0,373.4558,373.5201,373.38,373.6,373.37,2022-11-03 19:00:00
756040.0,371.0206,371.02,371.03,371.22,370.9,2022-11-03 20:00:00
1950.0,370.9744,370.9501,370.98,370.99,370.9501,2022-11-03 21:00:00
30103.0,370.7076,370.65,370.74,370.75,370.55,2022-11-03 22:00:00
3444.0,371.8077,371.76,371.97,371.97,371.5,2022-11-04 08:00:00
6129.0,373.0096,373.0,373.06,373.06,373.0,2022-11-04 09:00:00
6259.0,374.0214,374.17,373.83,374.22,373.83,2022-11-04 11:00:00
73900.0,374.0271,373.92,374.2,374.49,372.1904,2022-11-04 12:00:00
50455.0,375.8142,375.6,376.01,376.01,375.57,2022-11-04 13:00:00
494052.0,375.3167,375.11,375.4183,375.69,375.025,2022-11-04 14:00:00
173843.0,377.0972,376.83,377.38,377.38,376.83,2022-11-04 15:00:00
383337.0,371.3838,370.98,371.3546,371.5899,370.87,2022-11-04 16:00:00
114616.0,371.0326,371.29,371.1,371.3,370.86,2022-11-04 17:00:00
171150.0,370.8318,370.77,370.8,371.0066,370.69,2022-11-04 18:00:00
178726.0,373.8251,373.97,373.63,374.0,373.6,2022-11-04 19:00:00
1214808.0,376.3543,376.34,376.34,376.54,376.26,2022-11-04 20:00:00
3174.0,375.6603,375.63,375.68,375.68,375.5,2022-11-04 21:00:00
315.0,375.8115,375.81,375.81,375.81,375.81,2022-11-04 22:00:00
6728.0,377.0812,375.0,377.32,377.34,375.0,2022-11-07 09:00:00
722.0,377.0849,377.1,377.06,377.11,377.06,2022-11-07 10:00:00
290.0,378.35,378.35,378.35,378.35,378.35,2022-11-07 11:00:00
9668.0,378.2264,378.22,378.25,378.29,378.19,2022-11-07 12:00:00
59228.0,378.1307,378.78,377.71,378.82,377.29,2022-11-07 13:00:00
10832.0,377.5341,377.42,377.48,377.59,377.42,2022-11-07 14:00:00
174485.0,376.1702,376.11,376.26,376.3,376.01,2022-11-07 15:00:00
135453.0,377.541,377.62,377.38,377.72,377.31,2022-11-07 16:00:00
187593.0,376.059,376.21,375.92,376.3286,375.89,2022-11-07 17:00:00
89875.0,377.13,377.0,377.2278,377.26,376.96,2022-11-07 18:00:00
331876.0,378.1042,377.92,378.2381,378.25,377.92,2022-11-07 19:00:00
149378.0,379.4323,379.335,379.475,379.52,379.32,2022-11-07 20:00:00
694470.0,379.9016,379.94,379.84,379.95,379.6,2022-11-07 21:00:00
1324.0,379.5888,379.61,379.7,379.7,379.45,2022-11-07 22:00:00
8642.0,379.6802,379.71,379.6,379.75,379.6,2022-11-07 23:00:00
5365.0,380.055,380.03,380.06,380.06,380.03,2022-11-08 00:00:00
4308.0,379.2625,379.39,379.27,379.73,379.16,2022-11-08 09:00:00
161.0,380.6296,380.64,380.64,380.64,380.64,2022-11-08 10:00:00
6926.0,381.4306,381.43,381.44,381.46,381.4,2022-11-08 12:00:00
40292.0,380.908,381.21,380.97,381.49,379.5004,2022-11-08 13:00:00
2419.0,381.152,381.1101,381.2,381.2,381.1101,2022-11-08 14:00:00
519526.0,380.1428,380.38,380.65,380.74,380.34,2022-11-08 15:00:00
164998.0,382.9273,383.11,382.8,383.12,382.8,2022-11-08 16:00:00
90348.0,384.5381,384.54,384.5804,384.6095,384.44,2022-11-08 17:00:00
53983.0,384.3945,384.48,384.41,384.5075,384.3052,2022-11-08 18:00:00
224139.0,380.9798,380.74,381.08,381.13,380.61,2022-11-08 19:00:00
186400.0,380.6732,380.61,380.835,380.9011,380.52,2022-11-08 20:00:00
1787507.0,381.3425,381.95,381.53,382.0,381.52,2022-11-08 21:00:00
225.0,381.7255,381.73,381.73,381.73,381.73,2022-11-08 22:00:00
22619.0,381.718,381.7,381.58,381.8,381.58,2022-11-08 23:00:00
2120.0,382.4979,382.54,382.48,382.54,382.48,2022-11-09 00:00:00
15412.0,382.1165,382.12,382.13,382.23,382.08,2022-11-09 09:00:00
2640.0,380.3663,380.37,380.25,380.39,380.25,2022-11-09 10:00:00
3392.0,381.4879,381.53,381.41,381.56,381.41,2022-11-09 12:00:00
60310.0,381.2274,381.18,381.58,381.855,380.13,2022-11-09 13:00:00
7808.0,380.0685,379.91,380.21,380.28,379.8996,2022-11-09 14:00:00
321439.0,378.9516,378.71,379.3,379.51,378.46,2022-11-09 15:00:00
234520.0,378.3992,378.25,378.53,378.57,378.1968,2022-11-09 16:00:00
84427.0,379.2087,379.05,379.2354,379.2999,379.001,2022-11-09 17:00:00
99423.0,378.2667,378.52,378.14,378.54,378.13,2022-11-09 18:00:00
269842.0,376.0564,376.14,376.07,376.17,375.93,2022-11-09 19:00:00
169596.0,374.9821,374.82,375.19,375.19,374.68,2022-11-09 20:00:00
1228461.0,377.3777,374.19,374.25,374.26,373.97,2022-11-09 21:00:00
22749.0,374.3885,374.17,374.52,374.52,374.17,2022-11-09 23:00:00
1561.0,374.943,374.88,374.98,374.98,374.88,2022-11-10 09:00:00
268.0,375.2345,375.29,375.29,375.29,375.29,2022-11-10 10:00:00
24966.0,375.2788,375.53,374.68,375.55,374.68,2022-11-10 11:00:00
5699.0,375.1645,375.28,375.29,375.29,375.07,2022-11-10 12:00:00
31964.0,375.1013,375.2,375.2,375.7396,374.76,2022-11-10 13:00:00
77986.0,386.2111,386.37,386.291,386.46,385.97,2022-11-10 14:00:00
616077.0,389.8758,389.78,389.82,390.11,389.63,2022-11-10 15:00:00
352469.0,390.3168,390.44,390.27,390.68,390.07,2022-11-10 16:00:00
162586.0,391.6994,391.87,391.7199,391.875,391.59,2022-11-10 17:00:00
187495.0,389.2653,389.1,389.325,389.42,389.095,2022-11-10 18:00:00
88705.0,391.3056,391.275,391.405,391.44,391.205,2022-11-10 19:00:00
275466.0,392.1385,392.27,392.23,392.27,391.99,2022-11-10 20:00:00
3096369.0,394.6665,394.65,394.47,394.69,394.41,2022-11-10 21:00:00
551.0,395.8024,395.82,395.82,395.82,395.82,2022-11-10 22:00:00
25162.0,395.4464,395.691,395.3,395.76,395.3,2022-11-10 23:00:00
1084.0,395.6452,395.66,395.62,395.66,395.62,2022-11-11 00:00:00
14505.0,397.9443,398.0,397.7,398.11,397.36,2022-11-11 09:00:00
267.0,396.8684,396.89,396.89,396.89,396.89,2022-11-11 10:00:00
714.0,396.1351,396.15,396.13,396.17,396.07,2022-11-11 11:00:00
5035.0,396.4591,396.51,396.31,396.52,396.31,2022-11-11 12:00:00
70478.0,396.3901,396.44,396.44,397.7104,395.78,2022-11-11 13:00:00
6230.0,396.8125,396.84,396.79,396.85,396.76,2022-11-11 14:00:00
1248496.0,394.7226,395.14,395.55,395.79,393.68,2022-11-11 15:00:00
200888.0,396.7002,396.33,396.801,396.88,396.324,2022-11-11 16:00:00
69505.0,395.1093,395.19,395.08,395.26,394.99,2022-11-11 17:00:00
126043.0,396.3763,396.17,396.545,396.55,396.13,2022-11-11 18:00:00
129240.0,398.2187,398.16,398.325,398.33,398.11,2022-11-11 19:00:00
146868.0,399.1254,399.23,398.975,399.28,398.96,2022-11-11 20:00:00
222807.0,398.4377,398.5,398.16,398.7,398.16,2022-11-11 21:00:00
342.0,398.3484,398.42,398.34,398.42,398.28,2022-11-11 22:00:00
1202.0,398.6431,398.77,398.62,398.77,398.61,2022-11-11 23:00:00
467.0,398.5997,398.6,398.6,398.6,398.6,2022-11-12 00:00:00
3063.0,397.7119,398.0,397.58,398.0,397.54,2022-11-14 09:00:00
2157.0,396.5081,396.51,396.49,396.52,396.49,2022-11-14 10:00:00
169.0,396.8925,396.91,396.91,396.91,396.91,2022-11-14 11:00:00
6183.0,396.9654,396.96,397.04,397.04,396.88,2022-11-14 12:00:00
52569.0,397.2049,397.55,397.38,397.59,396.7701,2022-11-14 13:00:00
6661.0,397.2327,397.08,397.27,397.3,397.08,2022-11-14 14:00:00
200654.0,397.4538,397.14,397.74,397.8,397.13,2022-11-14 15:00:00
126192.0,398.3691,398.425,398.22,398.62,398.19,2022-11-14 16:00:00
75300.0,397.8718,397.8899,397.92,398.095,397.63,2022-11-14 17:00:00
133667.0,398.5256,398.62,398.49,398.64,398.39,2022-11-14 18:00:00
187607.0,400.0207,400.1,400.04,400.1799,399.9,2022-11-14 19:00:00
96701.0,398.8896,398.78,398.98,398.98,398.74,2022-11-14 20:00:00
683919.0,396.5349,395.17,395.43,395.7,395.12,2022-11-14 21:00:00
3497.0,395.9204,396.0,395.9,396.0,395.9,2022-11-14 22:00:00
9667.0,396.0474,395.97,396.0,396.1,395.95,2022-11-14 23:00:00
8221.0,395.852,395.85,396.0,396.0,395.81,2022-11-15 00:00:00
4185.0,397.6563,397.67,397.65,397.72,397.63,2022-11-15 09:00:00
422.0,397.7476,397.73,397.79,397.79,397.73,2022-11-15 10:00:00
14289.0,398.0135,397.94,398.08,398.08,397.94,2022-11-15 11:00:00
3663.0,398.0074,398.07,397.93,398.07,397.93,2022-11-15 12:00:00
76298.0,398.5878,398.0,399.13,399.15,397.66,2022-11-15 13:00:00
31969.0,402.2506,402.35,402.2,402.48,402.1,2022-11-15 14:00:00
225201.0,401.7461,401.63,401.95,401.95,401.55,2022-11-15 15:00:00
272795.0,400.1457,400.25,400.0275,400.36,399.92,2022-11-15 16:00:00
96155.0,401.0858,401.2,401.03,401.32,400.91,2022-11-15 17:00:00
100495.0,399.9862,400.0,400.01,400.05,399.85,2022-11-15 18:00:00
416234.0,396.5394,396.475,396.85,396.89,396.2,2022-11-15 19:00:00
179001.0,398.875,398.68,398.98,399.06,398.51,2022-11-15 20:00:00
1567007.0,398.4999,398.58,398.79,398.82,398.44,2022-11-15 21:00:00
1676.0,398.0188,398.01,398.08,398.08,398.01,2022-11-15 22:00:00
14854.0,397.4796,397.79,397.19,397.8,397.16,2022-11-15 23:00:00
3663.0,398.0929,398.07,398.1,398.1,398.07,2022-11-16 00:00:00
6404.0,399.1484,398.52,399.3,399.3,398.52,2022-11-16 09:00:00
139.0,399.1201,399.12,399.12,399.12,399.12,2022-11-16 11:00:00
4596.0,398.2627,398.35,398.2,398.35,398.2,2022-11-16 12:00:00
56899.0,398.4028,398.2498,398.39,399.9604,397.91,2022-11-16 13:00:00
10758.0,397.1428,396.99,397.27,397.28,396.99,2022-11-16 14:00:00
228158.0,396.4943,396.32,396.6417,396.78,396.21,2022-11-16 15:00:00
158633.0,395.6668,395.5,395.8,395.83,395.42,2022-11-16 16:00:00
91130.0,396.4491,396.52,396.4,396.58,396.37,2022-11-16 17:00:00
145667.0,396.4079,396.685,396.47,396.69,396.2,2022-11-16 18:00:00
188893.0,395.1843,395.26,395.195,395.32,395.11,2022-11-16 19:00:00
113354.0,396.1717,396.15,396.23,396.26,396.07,2022-11-16 20:00:00
1294790.0,395.4528,395.54,395.6,395.61,395.39,2022-11-16 21:00:00
775.0,396.01,396.01,396.01,396.01,396.01,2022-11-16 22:00:00
5407.0,396.2835,396.28,396.25,396.33,396.16,2022-11-16 23:00:00
2049.0,396.2637,396.25,396.28,396.38,396.25,2022-11-17 00:00:00
4502.0,396.2817,396.27,396.36,396.36,396.23,2022-11-17 09:00:00
395.0,394.8743,394.9,394.88,394.9,394.88,2022-11-17 10:00:00
11975.0,393.4261,393.26,393.5,393.53,393.25,2022-11-17 11:00:00
15412.0,393.461,393.38,393.51,393.53,393.38,2022-11-17 12:00:00
120456.0,392.3365,393.47,391.7,395.9696,391.55,2022-11-17 13:00:00
49228.0,390.2621,390.36,390.18,390.39,390.18,2022-11-17 14:00:00
283042.0,390.3055,390.33,390.2001,390.51,390.14,2022-11-17 15:00:00
117692.0,390.7222,390.541,390.8,390.84,390.51,2022-11-17 16:00:00
186280.0,393.2964,393.1401,393.361,393.38,393.14,2022-11-17 17:00:00
121642.0,394.412,394.26,394.45,394.5,394.26,2022-11-17 18:00:00
130911.0,394.3016,394.22,394.32,394.4,394.14,2022-11-17 19:00:00
76551.0,393.2607,393.1339,393.3198,393.36,393.13,2022-11-17 20:00:00
2673556.0,394.2332,394.27,394.31,394.39,394.06,2022-11-17 21:00:00
941.0,394.7579,394.7508,394.79,394.79,394.75,2022-11-17 22:00:00
17189.0,395.0065,394.88,394.96,395.16,394.79,2022-11-17 23:00:00
5526.0,394.0663,394.18,394.06,394.18,394.05,2022-11-18 00:00:00
2643.0,394.4738,394.49,394.4,394.54,394.38,2022-11-18 09:00:00
632.0,395.3158,395.36,395.31,395.36,395.31,2022-11-18 10:00:00
9842.0,396.6312,396.64,396.64,396.66,396.59,2022-11-18 12:00:00
59323.0,397.0578,397.32,396.9,397.52,395.81,2022-11-18 13:00:00
15592.0,397.8781,397.8,397.91,397.95,397.8,2022-11-18 14:00:00
240599.0,395.5077,395.82,395.34,395.9899,395.24,2022-11-18 15:00:00
419730.0,394.6047,394.59,394.47,394.76,394.46,2022-11-18 16:00:00
99875.0,395.11,395.12,395.12,395.21,395.0,2022-11-18 17:00:00
75691.0,393.7784,393.83,393.73,393.9,393.67,2022-11-18 18:00:00
132347.0,393.8826,393.8818,393.92,393.9799,393.82,2022-11-18 19:00:00
206125.0,394.8676,394.71,394.9689,394.98,394.64,2022-11-18 20:00:00
1162869.0,396.0271,396.07,395.97,396.21,395.88,2022-11-18 21:00:00
893.0,395.9527,396.04,395.93,396.04,395.9,2022-11-18 22:00:00
285.0,396.0301,396.03,396.03,396.03,396.03,2022-11-19 00:00:00
2586.0,394.3775,394.36,394.41,394.45,394.29,2022-11-21 09:00:00
410.0,394.1308,394.12,394.16,394.16,394.12,2022-11-21 10:00:00
2041.0,394.0119,394.03,394.01,394.04,394.0,2022-11-21 11:00:00
6117.0,394.0174,393.94,394.04,394.06,393.94,2022-11-21 12:00:00
39704.0,394.1046,394.06,394.15,394.3,393.7804,2022-11-21 13:00:00
4897.0,394.8889,394.9,394.77,394.98,394.77,2022-11-21 14:00:00
93375.0,395.3472,395.21,395.51,395.51,395.19,2022-11-21 15:00:00
137193.0,393.7879,393.89,393.86,393.95,393.66,2022-11-21 16:00:00
137209.0,393.3216,393.215,393.54,393.58,393.12,2022-11-21 17:00:00
90002.0,394.0048,393.92,394.0301,394.105,393.9,2022-11-21 18:00:00
156721.0,394.9053,394.74,394.97,394.97,394.73,2022-11-21 19:00:00
74764.0,394.545,394.48,394.56,394.63,394.44,2022-11-21 20:00:00
195089.0,394.6008,394.58,394.62,394.69,394.53,2022-11-21 21:00:00
6986.0,394.5206,394.57,394.59,394.59,394.5,2022-11-21 22:00:00
1530.0,394.5877,394.55,394.62,394.63,394.55,2022-11-21 23:00:00
308.0,394.7336,394.73,394.74,394.74,394.73,2022-11-22 00:00:00
444.0,394.1049,394.2,394.2,394.2,394.2,2022-11-22 09:00:00
3795.0,395.6705,395.67,395.67,395.67,395.67,2022-11-22 10:00:00
218.0,395.4228,395.36,395.48,395.48,395.36,2022-11-22 11:00:00
5053.0,395.0162,395.13,395.05,395.13,394.95,2022-11-22 12:00:00
54705.0,395.6107,395.68,396.06,396.07,394.2496,2022-11-22 13:00:00
22609.0,396.6629,396.69,396.69,396.7,396.64,2022-11-22 14:00:00
284535.0,396.0225,395.91,396.2,396.2,395.7092,2022-11-22 15:00:00
139745.0,397.6225,397.65,397.578,397.73,397.53,2022-11-22 16:00:00
87655.0,397.5296,397.46,397.515,397.58,397.44,2022-11-22 17:00:00
39461.0,397.4782,397.48,397.515,397.53,397.44,2022-11-22 18:00:00
90760.0,398.587,398.53,398.61,398.62,398.53,2022-11-22 19:00:00
79495.0,398.9036,398.91,398.9601,398.985,398.83,2022-11-22 20:00:00
254020.0,399.7647,399.86,399.8,399.91,399.63,2022-11-22 21:00:00
350.0,399.814,399.85,399.79,399.85,399.79,2022-11-22 22:00:00
16311.0,399.9301,399.89,399.89,400.0,399.89,2022-11-22 23:00:00
6779.0,400.0328,399.97,400.06,400.1,399.97,2022-11-23 00:00:00
970.0,400.126,400.07,400.16,400.16,400.07,2022-11-23 09:00:00
314.0,400.8236,400.82,400.82,400.82,400.82,2022-11-23 10:00:00
804.0,400.4403,400.45,400.45,400.45,400.45,2022-11-23 11:00:00
6189.0,400.59,400.66,400.55,400.66,400.55,2022-11-23 12:00:00
51137.0,400.5631,400.61,400.55,400.78,399.9304,2022-11-23 13:00:00
5505.0,399.8281,399.74,399.811,399.89,399.74,2022-11-23 14:00:00
504128.0,401.2176,401.41,401.08,401.7172,400.69,2022-11-23 15:00:00
101684.0,402.1884,402.11,402.2,402.26,402.1,2022-11-23 16:00:00
230590.0,400.3716,400.34,400.43,400.45,400.27,2022-11-23 17:00:00
73818.0,399.6648,399.795,399.66,399.83,399.55,2022-11-23 18:00:00
901358.0,400.695,400.9886,400.25,401.7,400.21,2022-11-23 19:00:00
189542.0,401.9774,402.21,402.016,402.22,401.88,2022-11-23 20:00:00
222466.0,402.3909,402.38,402.42,402.48,402.29,2022-11-23 21:00:00
417.0,402.8274,402.84,402.82,402.84,402.82,2022-11-23 22:00:00
7293.0,402.9302,402.89,402.98,402.98,402.85,2022-11-23 23:00:00
1854.0,403.089,403.05,403.07,403.12,403.05,2022-11-24 00:00:00
3015.0,403.0541,402.97,403.01,403.1,402.97,2022-11-25 09:00:00
1493.0,402.4208,402.46,402.36,402.46,402.36,2022-11-25 10:00:00
561.0,402.8848,402.89,402.86,402.89,402.86,2022-11-25 11:00:00
4432.0,402.7475,402.67,402.74,402.78,402.67,2022-11-25 12:00:00
31810.0,402.9106,402.8399,402.8,403.12,402.7,2022-11-25 13:00:00
2274.0,402.0552,402.07,402.03,402.11,402.03,2022-11-25 14:00:00
73464.0,402.3982,402.44,402.35,402.52,402.28,2022-11-25 15:00:00
44593.0,402.5581,402.62,402.55,402.6884,402.5,2022-11-25 16:00:00
98029.0,402.4611,402.47,402.435,402.5,402.4101,2022-11-25 17:00:00
266844.0,402.3259,402.33,402.33,402.4,402.26,2022-11-25 18:00:00
5659.0,399.89,400.91,399.99,400.91,399.19,2022-11-28 09:00:00
1142.0,398.4969,398.51,398.43,398.53,398.43,2022-11-28 10:00:00
272.0,398.9436,398.95,398.95,398.95,398.95,2022-11-28 11:00:00
4494.0,399.3965,399.33,399.46,399.47,399.32,2022-11-28 12:00:00
37069.0,399.3752,399.42,399.41,399.65,398.4596,2022-11-28 13:00:00
10215.0,399.2755,399.3,399.12,399.31,399.12,2022-11-28 14:00:00
113508.0,399.6932,399.85,399.62,399.85,399.56,2022-11-28 15:00:00
123387.0,398.6979,398.51,398.83,398.86,398.46,2022-11-28 16:00:00
124981.0,398.8508,398.88,398.9,398.94,398.77,2022-11-28 17:00:00
133517.0,397.64,397.65,397.61,397.7666,397.59,2022-11-28 18:00:00
208647.0,396.6189,396.57,396.68,396.76,396.51,2022-11-28 19:00:00
139091.0,395.9567,396.025,396.0899,396.09,395.84,2022-11-28 20:00:00
2271617.0,395.9217,395.93,396.2,396.24,395.91,2022-11-28 21:00:00
2822.0,396.1925,396.25,396.26,396.29,396.16,2022-11-28 23:00:00
3339.0,396.1233,396.13,396.09,396.13,396.09,2022-11-29 00:00:00
4422.0,397.8139,397.75,397.84,398.0,397.7,2022-11-29 09:00:00
300.0,396.8867,396.88,396.9,396.9,396.88,2022-11-29 10:00:00
223.0,397.1147,397.07,397.17,397.17,397.07,2022-11-29 11:00:00
6677.0,397.4003,397.46,397.38,397.47,397.37,2022-11-29 12:00:00
63744.0,397.2477,397.36,397.27,397.46,396.6196,2022-11-29 13:00:00
11659.0,396.3614,396.3,396.31,396.4,396.3,2022-11-29 14:00:00
290756.0,396.049,395.71,396.055,396.24,395.64,2022-11-29 15:00:00
62986.0,396.3677,396.34,396.38,396.5189,396.25,2022-11-29 16:00:00
97416.0,394.5536,394.65,394.47,394.66,394.46,2022-11-29 17:00:00
106305.0,394.8071,394.94,394.7,394.99,394.68,2022-11-29 18:00:00
270600.0,395.3327,395.02,395.34,395.61,395.01,2022-11-29 19:00:00
142448.0,394.8201,394.73,394.79,394.92,394.66,2022-11-29 20:00:00
621602.0,395.2393,395.25,395.34,395.37,395.19,2022-11-29 21:00:00
